INSERT INTO role(name) values('ROLE_ADMIN')
INSERT INTO role(name) values('ROLE_USER')

insert into user(username,password,name,last_name,status) values('andony','$2a$10$V4PPljRqDQCNVay7jYxmx.xtwV6IxR1bQbkuItyIAKSpcy1b1y2Ce','Aimar Andony', 'Berrocal Coaquira', 1)
insert into user(username,password,name,last_name,status) values('murillo','$2a$10$f0FxMfS80Po89Sn/y8RFAOZ5TKeG36hRULXCrPMymw8JgXVuYVvdm','Oscar David', 'Murillo Briceño', 1)

insert into user_roles values(1,1)
insert into user_roles values(1,2)
insert into user_roles values(2,1)
insert into user_roles values(2,2)

insert into city(name) values('AREQUIPA')
insert into city(name) values('CAJAMARCA')
insert into city(name) values('LA LIBERTAD')
insert into city(name) values('LAMBAYEQUE')
insert into city(name) values('JUNIN')
insert into city(name) values('LIMA')
insert into city(name) values('PASCO')
insert into city(name) values('PIURA')

insert into school(name,short_name,status) VALUES('Universidad Catolica de Santa Maria','UCSM',1)
insert into school(name,short_name,status) VALUES('Universidad Nacional de Cajamarca','UNC',1)
insert into school(name,short_name,status) VALUES('Universidad Nacional de Trujillo','UNT',1)
insert into school(name,short_name,status) VALUES('Universidad Nacional Pedro Ruiz Gallo','UNPRG',1)
insert into school(name,short_name,status) VALUES('Universidad Privada de Huancayo Franklin Roosevelt','UPHFR',1)
insert into school(name,short_name,status) VALUES('Universidad Nacional Mayor de San Marcos','UNMSM',1)
insert into school(name,short_name,status) VALUES('Universidad Ricardo Palma','URP',1)
insert into school(name,short_name,status) VALUES('Universidad Nacional Daniel Alcides Carrion','UNDAC',1)
insert into school(name,short_name,status) VALUES('Universidad de Piura','UP',1)
insert into school(name,short_name,status) VALUES('Universidad de San Martín de Porres','USMP',1)
insert into school(name,short_name,status) VALUES('Universidad Peruana Cayetano Heredia','UPCH',1)
insert into school(name,short_name,status) VALUES('Universidad Nacional Federico Villarreal','UNFV',1)

insert into school_agreement(city_id,school_id,subscribed,expiration) values(1,1,'2019-03-22','2020-12-06')
insert into school_agreement(city_id,school_id,subscribed,expiration) values(2,2,'2020-01-24','2021-01-08')
insert into school_agreement(city_id,school_id,subscribed,expiration) values(3,3,'2017-07-19','2020-08-23')
insert into school_agreement(city_id,school_id,subscribed,expiration) values(4,4,'2020-02-13','2022-11-20')
insert into school_agreement(city_id,school_id,subscribed,expiration) values(5,5,'2019-07-02','2020-11-07')
insert into school_agreement(city_id,school_id,subscribed,expiration) values(6,6,'2019-04-19','2021-12-21')
insert into school_agreement(city_id,school_id,subscribed,expiration) values(6,7,'2022-07-19','2022-01-30')
insert into school_agreement(city_id,school_id,subscribed,expiration) values(7,8,'2020-02-11','2022-04-04')
insert into school_agreement(city_id,school_id,subscribed,expiration) values(8,9,'2020-04-20','2022-12-21')
insert into school_agreement(city_id,school_id,subscribed,expiration) values(6,10,'2020-04-20','2022-12-21')
insert into school_agreement(city_id,school_id,subscribed,expiration) values(6,11,'2020-04-20','2022-12-21')
insert into school_agreement(city_id,school_id,subscribed,expiration) values(6,12,'2020-04-20','2022-12-21')

insert into specialty(name) values('Medicina de Emergencias y Desastres')
insert into specialty(name) values('Medicina de Enfermedades Infecciosas y Tropicales')
insert into specialty(name) values('Radiología')
insert into specialty(name) values('Anatomía Patológica')
insert into specialty(name) values('Anestesiología')
insert into specialty(name) values('Patología Clínica')
insert into specialty(name) values('Urología')
insert into specialty(name) values('Ginecología y Obstetricia')
insert into specialty(name) values('Medicina Interna')
insert into specialty(name) values('Medicina Oncológica')
insert into specialty(name) values('Psiquiatría')
insert into specialty(name) values('Gastroenterología')
insert into specialty(name) values('Cirugía General')
insert into specialty(name) values('Cardiología')
insert into specialty(name) values('Medicina Intensiva')
insert into specialty(name) values('Medicina Emergencia')
insert into specialty(name) values('Neumología')
insert into specialty(name) values('Otorrinología')

insert into servicio(name) values('Vacaciones')

insert into servicio(name) values('SUrología01')
insert into servicio(name) values('SUrología02')
insert into servicio(name) values('SUrología03')
insert into servicio(name) values('SUrología04')
insert into servicio(name) values('SUrología05')
insert into servicio(name) values('SUrología06')
insert into servicio(name) values('SUrología07')
insert into servicio(name) values('SUrología08')

insert into servicio(name) values('SCirugiaGeneral01')
insert into servicio(name) values('SCirugiaGeneral02')
insert into servicio(name) values('SCirugiaGeneral03')
insert into servicio(name) values('SCirugiaGeneral04')
insert into servicio(name) values('SCirugiaGeneral05')
insert into servicio(name) values('SCirugiaGeneral06')
insert into servicio(name) values('SCirugiaGeneral07')
insert into servicio(name) values('SCirugiaGeneral08')

insert into servicio(name) values('SMedicinaInterna01')
insert into servicio(name) values('SMedicinaInterna02')
insert into servicio(name) values('SMedicinaInterna03')
insert into servicio(name) values('SMedicinaInterna04')
insert into servicio(name) values('SMedicinaInterna05')
insert into servicio(name) values('SMedicinaInterna06')
insert into servicio(name) values('SMedicinaInterna07')
insert into servicio(name) values('SMedicinaInterna08')


insert into specialty_servicios(specialty_id,servicios_id) values (7,2)
insert into specialty_servicios(specialty_id,servicios_id) values (7,3)
insert into specialty_servicios(specialty_id,servicios_id) values (7,4)
insert into specialty_servicios(specialty_id,servicios_id) values (7,5)
insert into specialty_servicios(specialty_id,servicios_id) values (7,6)
insert into specialty_servicios(specialty_id,servicios_id) values (7,7)
insert into specialty_servicios(specialty_id,servicios_id) values (7,8)
insert into specialty_servicios(specialty_id,servicios_id) values (7,9)

insert into specialty_servicios(specialty_id,servicios_id) values (13,10)
insert into specialty_servicios(specialty_id,servicios_id) values (13,11)
insert into specialty_servicios(specialty_id,servicios_id) values (13,12)
insert into specialty_servicios(specialty_id,servicios_id) values (13,13)
insert into specialty_servicios(specialty_id,servicios_id) values (13,14)
insert into specialty_servicios(specialty_id,servicios_id) values (13,15)
insert into specialty_servicios(specialty_id,servicios_id) values (13,16)
insert into specialty_servicios(specialty_id,servicios_id) values (13,17)

insert into specialty_servicios(specialty_id,servicios_id) values (9,18)
insert into specialty_servicios(specialty_id,servicios_id) values (9,19)
insert into specialty_servicios(specialty_id,servicios_id) values (9,20)
insert into specialty_servicios(specialty_id,servicios_id) values (9,21)
insert into specialty_servicios(specialty_id,servicios_id) values (9,22)
insert into specialty_servicios(specialty_id,servicios_id) values (9,23)
insert into specialty_servicios(specialty_id,servicios_id) values (9,24)
insert into specialty_servicios(specialty_id,servicios_id) values (9,25)

insert into specialty_servicios(specialty_id,servicios_id) values (8,1)
insert into specialty_servicios(specialty_id,servicios_id) values (13,1)
insert into specialty_servicios(specialty_id,servicios_id) values (9,1)


insert into plaza(name) values('Libre')
insert into plaza(name) values('Cautiva Essalud')

insert into campus(name) values('HNGAI')

insert into doctor(document,name,paternal_surname,maternal_surname,school_agreement_id,specialty_id,plaza_id,campus_id,birth_date,address,cmp,email,phone,status,num_group) values('70441638','Max Felix','Alarcon','Urbina',10,1,1,1,'1991-07-07','Av. Oscar R. Benavides 351 Block 11 B Dpto 2 Lima Cercado','80447','max.alarcon.urbina@gmail.com','932881461',1,'01')
insert into doctor(document,name,paternal_surname,maternal_surname,school_agreement_id,specialty_id,plaza_id,campus_id,birth_date,address,cmp,email,phone,status,num_group) values('46187517','Angel Andreé','Altamirano','Beltran',11,2,1,1,'1990-01-25','Av. Simón Bolivar 2150 Edif. 21 Dpto 101','67574','andree.altamirano2150@gmail.com','943800008',1,'01')
insert into doctor(document,name,paternal_surname,maternal_surname,school_agreement_id,specialty_id,plaza_id,campus_id,birth_date,address,cmp,email,phone,status,num_group) values('43958363','Alfredo Ernesto','Alvarado','Cueva',12,3,1,1,null,null,'67574','ELDBRD1@GMAIL.COM','978971508',1,'01')
insert into doctor(document,name,paternal_surname,maternal_surname,school_agreement_id,specialty_id,plaza_id,campus_id,birth_date,address,cmp,email,phone,status,num_group) values('46690856','Lourdes Patricia','Alvarez','Sanchez',10,4,1,1,'1991-04-26','Calle Mariano Necochea 251 Maranga','74243','lu.alvarezs@gmail.com','969016470',1,'01')
insert into doctor(document,name,paternal_surname,maternal_surname,school_agreement_id,specialty_id,plaza_id,campus_id,birth_date,address,cmp,email,phone,status,num_group) values('46655623','Rómulo Henry','Alvarez','Zuñiga',10,5,1,1,'1990-07-25','Jr. Cangallo 123','79656','rhalvarez257@gmail.com','957508703',1,'01')
insert into doctor(document,name,paternal_surname,maternal_surname,school_agreement_id,specialty_id,plaza_id,campus_id,birth_date,address,cmp,email,phone,status,num_group) values('73249484','Daniella','Arenas','Siles',6,6,1,1,'1993-02-22','Calle Carlos Arrieta 253 Dpto 102 Barranco','80312','darenassiles@gmail.com','923401939',1,'01')
insert into doctor(document,name,paternal_surname,maternal_surname,school_agreement_id,specialty_id,plaza_id,campus_id,birth_date,address,cmp,email,phone,status,num_group) values('40693834','Ronnie Josseph','Arizaca','Paca',6,7,2,1,'1980-11-12','Jr. Manuel Candamo 751 Lince','48419','ronnie_ap@hotmail.com','987547476',1,'01')
insert into doctor(document,name,paternal_surname,maternal_surname,school_agreement_id,specialty_id,plaza_id,campus_id,birth_date,address,cmp,email,phone,status,num_group) values('74120529','Freddy Eduardo','Arone','Huachaca',10,8,1,1,'1994-01-20','Av. Imperial 320 Santa Anita','80906','freduardo94@hotmail.com','953300081',1,'01')
insert into doctor(document,name,paternal_surname,maternal_surname,school_agreement_id,specialty_id,plaza_id,campus_id,birth_date,address,cmp,email,phone,status,num_group) values('73597198','Jecsmael Cesar','Baez','Herrera',6,9,1,1,'1994-12-30','Jr. Pimentel Jimenez 2117','80202','jcbh_1995@hotmail.com','958421808',1,'01')
insert into doctor(document,name,paternal_surname,maternal_surname,school_agreement_id,specialty_id,plaza_id,campus_id,birth_date,address,cmp,email,phone,status,num_group) values('43814570','Daniel Junior','Barragan','Rivas',10,9,1,1,'1986-10-27','Av. Exequiel Gonzalez  Cáceda 488 Chepén','74735','dannybr9@hotmail.com','950273343',1,'01')
insert into doctor(document,name,paternal_surname,maternal_surname,school_agreement_id,specialty_id,plaza_id,campus_id,birth_date,address,cmp,email,phone,status,num_group) values('42378973','Paul Gerald','Barrantes','Garcia',12,10,1,1,'1983-02-06','Ca. Conde Juan Moore 558 Urb. Los Robles Santa Anita','66360','paulbarrantesgar@gmail.com','954809732',1,'01')
insert into doctor(document,name,paternal_surname,maternal_surname,school_agreement_id,specialty_id,plaza_id,campus_id,birth_date,address,cmp,email,phone,status,num_group) values('46827523','Jessica Mercedes','Barreto','Castillo',6,11,1,1,'1991-02-03','Urb. Los Jardines de San Juan Mz C Lote 54 San Juan de Lurigancho','77491','bcjessica3@gmail.com','963354917',1,'01')
insert into doctor(document,name,paternal_surname,maternal_surname,school_agreement_id,specialty_id,plaza_id,campus_id,birth_date,address,cmp,email,phone,status,num_group) values('71435566','Jackeline Amparo','Barrientos','Perez',6,12,1,1,'1992-08-13','Jr. Huiracocha 1416 Int. 808 Jesús María','78067','jackeline_jk27@hotmail.com','940158059',1,'01')
insert into doctor(document,name,paternal_surname,maternal_surname,school_agreement_id,specialty_id,plaza_id,campus_id,birth_date,address,cmp,email,phone,status,num_group) values('73700513','Angela Daniela','Basurco','Valer',12,13,1,1,'1993-05-04','Av. Arenales 1686 Dpto 202 Lince','77840','ange_x04@hotmail.com','958310722',1,'01')
insert into doctor(document,name,paternal_surname,maternal_surname,school_agreement_id,specialty_id,plaza_id,campus_id,birth_date,address,cmp,email,phone,status,num_group) values('43967147','Ana De los Angeles','Bedoya','Cardenas',12,14,1,1,'1986-12-30','Jr. Huiracocha 1844 Jesús María','72668','anybc_@hotmail.com','947437303',1,'01')

insert into mes(name) values ('Julio')
insert into mes(name) values ('Agosto')
insert into mes(name) values ('Septiembre')
insert into mes(name) values ('Octubre')
insert into mes(name) values ('Noviembre')
insert into mes(name) values ('Diciembre')
insert into mes(name) values ('Enero')
insert into mes(name) values ('Febrero')
insert into mes(name) values ('Marzo')
insert into mes(name) values ('Abril')
insert into mes(name) values ('Mayo')
insert into mes(name) values ('Junio')

insert into periodo(anio_inicio,anio_final,mes_inicio,mes_final) values ('2019','2022','Junio','Julio');

insert into anio_academico(codigo,anio_inicio,anio_final,mes_inicio,mes_final) values ('R1','2019','2020','Junio','Julio');
insert into anio_academico(codigo,anio_inicio,anio_final,mes_inicio,mes_final) values ('R2','2020','2021','Junio','Julio');
insert into anio_academico(codigo,anio_inicio,anio_final,mes_inicio,mes_final) values ('R3','2021','2022','Junio','Julio');

insert into periodo_anio_academicos(periodo_id,anio_academicos_id) values (1,1)
insert into periodo_anio_academicos(periodo_id,anio_academicos_id) values (1,2)
insert into periodo_anio_academicos(periodo_id,anio_academicos_id) values (1,3)

insert into servicio_delegado(mes_id,servicio_id) values (1,2)
insert into servicio_delegado(mes_id,servicio_id) values (2,2)
insert into servicio_delegado(mes_id,servicio_id) values (3,2)
insert into servicio_delegado(mes_id,servicio_id) values (4,3)
insert into servicio_delegado(mes_id,servicio_id) values (5,3)
insert into servicio_delegado(mes_id,servicio_id) values (6,4)
insert into servicio_delegado(mes_id,servicio_id) values (7,5)
insert into servicio_delegado(mes_id,servicio_id) values (8,6)
insert into servicio_delegado(mes_id,servicio_id) values (9,6)
insert into servicio_delegado(mes_id,servicio_id) values (10,6)
insert into servicio_delegado(mes_id,servicio_id) values (11,6)
insert into servicio_delegado(mes_id,servicio_id) values (12,6)

insert into servicio_delegado(mes_id,servicio_id) values (1,2)
insert into servicio_delegado(mes_id,servicio_id) values (2,2)
insert into servicio_delegado(mes_id,servicio_id) values (3,2)
insert into servicio_delegado(mes_id,servicio_id) values (4,3)
insert into servicio_delegado(mes_id,servicio_id) values (5,1)
insert into servicio_delegado(mes_id,servicio_id) values (6,4)
insert into servicio_delegado(mes_id,servicio_id) values (7,4)
insert into servicio_delegado(mes_id,servicio_id) values (8,5)
insert into servicio_delegado(mes_id,servicio_id) values (9,5)
insert into servicio_delegado(mes_id,servicio_id) values (10,5)
insert into servicio_delegado(mes_id,servicio_id) values (11,5)
insert into servicio_delegado(mes_id,servicio_id) values (12,5)

insert into servicio_delegado(mes_id,servicio_id) values (1,1)
insert into servicio_delegado(mes_id,servicio_id) values (2,7)
insert into servicio_delegado(mes_id,servicio_id) values (3,7)
insert into servicio_delegado(mes_id,servicio_id) values (4,7)
insert into servicio_delegado(mes_id,servicio_id) values (5,7)
insert into servicio_delegado(mes_id,servicio_id) values (6,7)
insert into servicio_delegado(mes_id,servicio_id) values (7,8)
insert into servicio_delegado(mes_id,servicio_id) values (8,8)
insert into servicio_delegado(mes_id,servicio_id) values (9,8)
insert into servicio_delegado(mes_id,servicio_id) values (10,5)
insert into servicio_delegado(mes_id,servicio_id) values (11,5)
insert into servicio_delegado(mes_id,servicio_id) values (12,5)


insert into servicio_delegado(mes_id,servicio_id) values (1,11)
insert into servicio_delegado(mes_id,servicio_id) values (2,12)
insert into servicio_delegado(mes_id,servicio_id) values (3,12)
insert into servicio_delegado(mes_id,servicio_id) values (4,12)
insert into servicio_delegado(mes_id,servicio_id) values (5,12)
insert into servicio_delegado(mes_id,servicio_id) values (6,13)
insert into servicio_delegado(mes_id,servicio_id) values (7,14)
insert into servicio_delegado(mes_id,servicio_id) values (8,14)
insert into servicio_delegado(mes_id,servicio_id) values (9,14)
insert into servicio_delegado(mes_id,servicio_id) values (10,15)
insert into servicio_delegado(mes_id,servicio_id) values (11,15)
insert into servicio_delegado(mes_id,servicio_id) values (12,15)

insert into servicio_delegado(mes_id,servicio_id) values (1,11)
insert into servicio_delegado(mes_id,servicio_id) values (2,11)
insert into servicio_delegado(mes_id,servicio_id) values (3,16)
insert into servicio_delegado(mes_id,servicio_id) values (4,16)
insert into servicio_delegado(mes_id,servicio_id) values (5,16)
insert into servicio_delegado(mes_id,servicio_id) values (6,13)
insert into servicio_delegado(mes_id,servicio_id) values (7,13)
insert into servicio_delegado(mes_id,servicio_id) values (8,14)
insert into servicio_delegado(mes_id,servicio_id) values (9,14)
insert into servicio_delegado(mes_id,servicio_id) values (10,14)
insert into servicio_delegado(mes_id,servicio_id) values (11,1)
insert into servicio_delegado(mes_id,servicio_id) values (12,12)

insert into servicio_delegado(mes_id,servicio_id) values (1,11)
insert into servicio_delegado(mes_id,servicio_id) values (2,11)
insert into servicio_delegado(mes_id,servicio_id) values (3,11)
insert into servicio_delegado(mes_id,servicio_id) values (4,11)
insert into servicio_delegado(mes_id,servicio_id) values (5,11)
insert into servicio_delegado(mes_id,servicio_id) values (6,1)
insert into servicio_delegado(mes_id,servicio_id) values (7,14)
insert into servicio_delegado(mes_id,servicio_id) values (8,14)
insert into servicio_delegado(mes_id,servicio_id) values (9,16)
insert into servicio_delegado(mes_id,servicio_id) values (10,16)
insert into servicio_delegado(mes_id,servicio_id) values (11,16)
insert into servicio_delegado(mes_id,servicio_id) values (12,16)


insert into servicio_delegado(mes_id,servicio_id) values (1,18)
insert into servicio_delegado(mes_id,servicio_id) values (2,18)
insert into servicio_delegado(mes_id,servicio_id) values (3,18)
insert into servicio_delegado(mes_id,servicio_id) values (4,18)
insert into servicio_delegado(mes_id,servicio_id) values (5,18)
insert into servicio_delegado(mes_id,servicio_id) values (6,20)
insert into servicio_delegado(mes_id,servicio_id) values (7,20)
insert into servicio_delegado(mes_id,servicio_id) values (8,19)
insert into servicio_delegado(mes_id,servicio_id) values (9,19)
insert into servicio_delegado(mes_id,servicio_id) values (10,23)
insert into servicio_delegado(mes_id,servicio_id) values (11,23)
insert into servicio_delegado(mes_id,servicio_id) values (12,23)

insert into servicio_delegado(mes_id,servicio_id) values (1,21)
insert into servicio_delegado(mes_id,servicio_id) values (2,21)
insert into servicio_delegado(mes_id,servicio_id) values (3,22)
insert into servicio_delegado(mes_id,servicio_id) values (4,23)
insert into servicio_delegado(mes_id,servicio_id) values (5,18)
insert into servicio_delegado(mes_id,servicio_id) values (6,18)
insert into servicio_delegado(mes_id,servicio_id) values (7,1)
insert into servicio_delegado(mes_id,servicio_id) values (8,24)
insert into servicio_delegado(mes_id,servicio_id) values (9,22)
insert into servicio_delegado(mes_id,servicio_id) values (10,25)
insert into servicio_delegado(mes_id,servicio_id) values (11,23)
insert into servicio_delegado(mes_id,servicio_id) values (12,23)

insert into servicio_delegado(mes_id,servicio_id) values (1,1)
insert into servicio_delegado(mes_id,servicio_id) values (2,18)
insert into servicio_delegado(mes_id,servicio_id) values (3,18)
insert into servicio_delegado(mes_id,servicio_id) values (4,18)
insert into servicio_delegado(mes_id,servicio_id) values (5,22)
insert into servicio_delegado(mes_id,servicio_id) values (6,22)
insert into servicio_delegado(mes_id,servicio_id) values (7,23)
insert into servicio_delegado(mes_id,servicio_id) values (8,21)
insert into servicio_delegado(mes_id,servicio_id) values (9,25)
insert into servicio_delegado(mes_id,servicio_id) values (10,25)
insert into servicio_delegado(mes_id,servicio_id) values (11,25)
insert into servicio_delegado(mes_id,servicio_id) values (12,25)


insert into anio_academico_delegado(anio_academico_id) values (1)
insert into anio_academico_delegado(anio_academico_id) values (2)
insert into anio_academico_delegado(anio_academico_id) values (3)

insert into anio_academico_delegado(anio_academico_id) values (1)
insert into anio_academico_delegado(anio_academico_id) values (2)
insert into anio_academico_delegado(anio_academico_id) values (3)

insert into anio_academico_delegado(anio_academico_id) values (1)
insert into anio_academico_delegado(anio_academico_id) values (2)
insert into anio_academico_delegado(anio_academico_id) values (3)


insert into anio_academico_delegado_servicio_delegados(anio_academico_delegado_id,servicio_delegados_id) values(1,1)
insert into anio_academico_delegado_servicio_delegados(anio_academico_delegado_id,servicio_delegados_id) values(1,2)
insert into anio_academico_delegado_servicio_delegados(anio_academico_delegado_id,servicio_delegados_id) values(1,3)
insert into anio_academico_delegado_servicio_delegados(anio_academico_delegado_id,servicio_delegados_id) values(1,4)
insert into anio_academico_delegado_servicio_delegados(anio_academico_delegado_id,servicio_delegados_id) values(1,5)
insert into anio_academico_delegado_servicio_delegados(anio_academico_delegado_id,servicio_delegados_id) values(1,6)
insert into anio_academico_delegado_servicio_delegados(anio_academico_delegado_id,servicio_delegados_id) values(1,7)
insert into anio_academico_delegado_servicio_delegados(anio_academico_delegado_id,servicio_delegados_id) values(1,8)
insert into anio_academico_delegado_servicio_delegados(anio_academico_delegado_id,servicio_delegados_id) values(1,9)
insert into anio_academico_delegado_servicio_delegados(anio_academico_delegado_id,servicio_delegados_id) values(1,10)
insert into anio_academico_delegado_servicio_delegados(anio_academico_delegado_id,servicio_delegados_id) values(1,11)
insert into anio_academico_delegado_servicio_delegados(anio_academico_delegado_id,servicio_delegados_id) values(1,12)

insert into anio_academico_delegado_servicio_delegados(anio_academico_delegado_id,servicio_delegados_id) values(2,13)
insert into anio_academico_delegado_servicio_delegados(anio_academico_delegado_id,servicio_delegados_id) values(2,14)
insert into anio_academico_delegado_servicio_delegados(anio_academico_delegado_id,servicio_delegados_id) values(2,15)
insert into anio_academico_delegado_servicio_delegados(anio_academico_delegado_id,servicio_delegados_id) values(2,16)
insert into anio_academico_delegado_servicio_delegados(anio_academico_delegado_id,servicio_delegados_id) values(2,17)
insert into anio_academico_delegado_servicio_delegados(anio_academico_delegado_id,servicio_delegados_id) values(2,18)
insert into anio_academico_delegado_servicio_delegados(anio_academico_delegado_id,servicio_delegados_id) values(2,19)
insert into anio_academico_delegado_servicio_delegados(anio_academico_delegado_id,servicio_delegados_id) values(2,20)
insert into anio_academico_delegado_servicio_delegados(anio_academico_delegado_id,servicio_delegados_id) values(2,21)
insert into anio_academico_delegado_servicio_delegados(anio_academico_delegado_id,servicio_delegados_id) values(2,22)
insert into anio_academico_delegado_servicio_delegados(anio_academico_delegado_id,servicio_delegados_id) values(2,23)
insert into anio_academico_delegado_servicio_delegados(anio_academico_delegado_id,servicio_delegados_id) values(2,24)

insert into anio_academico_delegado_servicio_delegados(anio_academico_delegado_id,servicio_delegados_id) values(3,25)
insert into anio_academico_delegado_servicio_delegados(anio_academico_delegado_id,servicio_delegados_id) values(3,26)
insert into anio_academico_delegado_servicio_delegados(anio_academico_delegado_id,servicio_delegados_id) values(3,27)
insert into anio_academico_delegado_servicio_delegados(anio_academico_delegado_id,servicio_delegados_id) values(3,28)
insert into anio_academico_delegado_servicio_delegados(anio_academico_delegado_id,servicio_delegados_id) values(3,29)
insert into anio_academico_delegado_servicio_delegados(anio_academico_delegado_id,servicio_delegados_id) values(3,30)
insert into anio_academico_delegado_servicio_delegados(anio_academico_delegado_id,servicio_delegados_id) values(3,31)
insert into anio_academico_delegado_servicio_delegados(anio_academico_delegado_id,servicio_delegados_id) values(3,32)
insert into anio_academico_delegado_servicio_delegados(anio_academico_delegado_id,servicio_delegados_id) values(3,33)
insert into anio_academico_delegado_servicio_delegados(anio_academico_delegado_id,servicio_delegados_id) values(3,34)
insert into anio_academico_delegado_servicio_delegados(anio_academico_delegado_id,servicio_delegados_id) values(3,35)
insert into anio_academico_delegado_servicio_delegados(anio_academico_delegado_id,servicio_delegados_id) values(3,36)


insert into anio_academico_delegado_servicio_delegados(anio_academico_delegado_id,servicio_delegados_id) values(4,37)
insert into anio_academico_delegado_servicio_delegados(anio_academico_delegado_id,servicio_delegados_id) values(4,38)
insert into anio_academico_delegado_servicio_delegados(anio_academico_delegado_id,servicio_delegados_id) values(4,39)
insert into anio_academico_delegado_servicio_delegados(anio_academico_delegado_id,servicio_delegados_id) values(4,40)
insert into anio_academico_delegado_servicio_delegados(anio_academico_delegado_id,servicio_delegados_id) values(4,41)
insert into anio_academico_delegado_servicio_delegados(anio_academico_delegado_id,servicio_delegados_id) values(4,42)
insert into anio_academico_delegado_servicio_delegados(anio_academico_delegado_id,servicio_delegados_id) values(4,43)
insert into anio_academico_delegado_servicio_delegados(anio_academico_delegado_id,servicio_delegados_id) values(4,44)
insert into anio_academico_delegado_servicio_delegados(anio_academico_delegado_id,servicio_delegados_id) values(4,45)
insert into anio_academico_delegado_servicio_delegados(anio_academico_delegado_id,servicio_delegados_id) values(4,46)
insert into anio_academico_delegado_servicio_delegados(anio_academico_delegado_id,servicio_delegados_id) values(4,47)
insert into anio_academico_delegado_servicio_delegados(anio_academico_delegado_id,servicio_delegados_id) values(4,48)

insert into anio_academico_delegado_servicio_delegados(anio_academico_delegado_id,servicio_delegados_id) values(5,49)
insert into anio_academico_delegado_servicio_delegados(anio_academico_delegado_id,servicio_delegados_id) values(5,50)
insert into anio_academico_delegado_servicio_delegados(anio_academico_delegado_id,servicio_delegados_id) values(5,51)
insert into anio_academico_delegado_servicio_delegados(anio_academico_delegado_id,servicio_delegados_id) values(5,52)
insert into anio_academico_delegado_servicio_delegados(anio_academico_delegado_id,servicio_delegados_id) values(5,53)
insert into anio_academico_delegado_servicio_delegados(anio_academico_delegado_id,servicio_delegados_id) values(5,54)
insert into anio_academico_delegado_servicio_delegados(anio_academico_delegado_id,servicio_delegados_id) values(5,55)
insert into anio_academico_delegado_servicio_delegados(anio_academico_delegado_id,servicio_delegados_id) values(5,56)
insert into anio_academico_delegado_servicio_delegados(anio_academico_delegado_id,servicio_delegados_id) values(5,57)
insert into anio_academico_delegado_servicio_delegados(anio_academico_delegado_id,servicio_delegados_id) values(5,58)
insert into anio_academico_delegado_servicio_delegados(anio_academico_delegado_id,servicio_delegados_id) values(5,59)
insert into anio_academico_delegado_servicio_delegados(anio_academico_delegado_id,servicio_delegados_id) values(5,60)

insert into anio_academico_delegado_servicio_delegados(anio_academico_delegado_id,servicio_delegados_id) values(6,61)
insert into anio_academico_delegado_servicio_delegados(anio_academico_delegado_id,servicio_delegados_id) values(6,62)
insert into anio_academico_delegado_servicio_delegados(anio_academico_delegado_id,servicio_delegados_id) values(6,63)
insert into anio_academico_delegado_servicio_delegados(anio_academico_delegado_id,servicio_delegados_id) values(6,64)
insert into anio_academico_delegado_servicio_delegados(anio_academico_delegado_id,servicio_delegados_id) values(6,65)
insert into anio_academico_delegado_servicio_delegados(anio_academico_delegado_id,servicio_delegados_id) values(6,66)
insert into anio_academico_delegado_servicio_delegados(anio_academico_delegado_id,servicio_delegados_id) values(6,67)
insert into anio_academico_delegado_servicio_delegados(anio_academico_delegado_id,servicio_delegados_id) values(6,68)
insert into anio_academico_delegado_servicio_delegados(anio_academico_delegado_id,servicio_delegados_id) values(6,69)
insert into anio_academico_delegado_servicio_delegados(anio_academico_delegado_id,servicio_delegados_id) values(6,70)
insert into anio_academico_delegado_servicio_delegados(anio_academico_delegado_id,servicio_delegados_id) values(6,71)
insert into anio_academico_delegado_servicio_delegados(anio_academico_delegado_id,servicio_delegados_id) values(6,72)


insert into anio_academico_delegado_servicio_delegados(anio_academico_delegado_id,servicio_delegados_id) values(7,73)
insert into anio_academico_delegado_servicio_delegados(anio_academico_delegado_id,servicio_delegados_id) values(7,74)
insert into anio_academico_delegado_servicio_delegados(anio_academico_delegado_id,servicio_delegados_id) values(7,75)
insert into anio_academico_delegado_servicio_delegados(anio_academico_delegado_id,servicio_delegados_id) values(7,76)
insert into anio_academico_delegado_servicio_delegados(anio_academico_delegado_id,servicio_delegados_id) values(7,77)
insert into anio_academico_delegado_servicio_delegados(anio_academico_delegado_id,servicio_delegados_id) values(7,78)
insert into anio_academico_delegado_servicio_delegados(anio_academico_delegado_id,servicio_delegados_id) values(7,79)
insert into anio_academico_delegado_servicio_delegados(anio_academico_delegado_id,servicio_delegados_id) values(7,80)
insert into anio_academico_delegado_servicio_delegados(anio_academico_delegado_id,servicio_delegados_id) values(7,81)
insert into anio_academico_delegado_servicio_delegados(anio_academico_delegado_id,servicio_delegados_id) values(7,82)
insert into anio_academico_delegado_servicio_delegados(anio_academico_delegado_id,servicio_delegados_id) values(7,83)
insert into anio_academico_delegado_servicio_delegados(anio_academico_delegado_id,servicio_delegados_id) values(7,84)

insert into anio_academico_delegado_servicio_delegados(anio_academico_delegado_id,servicio_delegados_id) values(8,85)
insert into anio_academico_delegado_servicio_delegados(anio_academico_delegado_id,servicio_delegados_id) values(8,86)
insert into anio_academico_delegado_servicio_delegados(anio_academico_delegado_id,servicio_delegados_id) values(8,87)
insert into anio_academico_delegado_servicio_delegados(anio_academico_delegado_id,servicio_delegados_id) values(8,88)
insert into anio_academico_delegado_servicio_delegados(anio_academico_delegado_id,servicio_delegados_id) values(8,89)
insert into anio_academico_delegado_servicio_delegados(anio_academico_delegado_id,servicio_delegados_id) values(8,90)
insert into anio_academico_delegado_servicio_delegados(anio_academico_delegado_id,servicio_delegados_id) values(8,91)
insert into anio_academico_delegado_servicio_delegados(anio_academico_delegado_id,servicio_delegados_id) values(8,92)
insert into anio_academico_delegado_servicio_delegados(anio_academico_delegado_id,servicio_delegados_id) values(8,93)
insert into anio_academico_delegado_servicio_delegados(anio_academico_delegado_id,servicio_delegados_id) values(8,94)
insert into anio_academico_delegado_servicio_delegados(anio_academico_delegado_id,servicio_delegados_id) values(8,95)
insert into anio_academico_delegado_servicio_delegados(anio_academico_delegado_id,servicio_delegados_id) values(8,96)

insert into anio_academico_delegado_servicio_delegados(anio_academico_delegado_id,servicio_delegados_id) values(9,97)
insert into anio_academico_delegado_servicio_delegados(anio_academico_delegado_id,servicio_delegados_id) values(9,98)
insert into anio_academico_delegado_servicio_delegados(anio_academico_delegado_id,servicio_delegados_id) values(9,99)
insert into anio_academico_delegado_servicio_delegados(anio_academico_delegado_id,servicio_delegados_id) values(9,100)
insert into anio_academico_delegado_servicio_delegados(anio_academico_delegado_id,servicio_delegados_id) values(9,101)
insert into anio_academico_delegado_servicio_delegados(anio_academico_delegado_id,servicio_delegados_id) values(9,102)
insert into anio_academico_delegado_servicio_delegados(anio_academico_delegado_id,servicio_delegados_id) values(9,103)
insert into anio_academico_delegado_servicio_delegados(anio_academico_delegado_id,servicio_delegados_id) values(9,104)
insert into anio_academico_delegado_servicio_delegados(anio_academico_delegado_id,servicio_delegados_id) values(9,105)
insert into anio_academico_delegado_servicio_delegados(anio_academico_delegado_id,servicio_delegados_id) values(9,106)
insert into anio_academico_delegado_servicio_delegados(anio_academico_delegado_id,servicio_delegados_id) values(9,107)
insert into anio_academico_delegado_servicio_delegados(anio_academico_delegado_id,servicio_delegados_id) values(9,108)


insert into servicio_doctor(periodo_id,doctor_id) values (1,7)
insert into servicio_doctor(periodo_id,doctor_id) values (1,14)
insert into servicio_doctor(periodo_id,doctor_id) values (1,10)

insert into servicio_doctor_anio_academico_delegados(anio_academico_delegados_id, servicio_doctor_id) values (1,1)
insert into servicio_doctor_anio_academico_delegados(anio_academico_delegados_id, servicio_doctor_id) values (2,1)
insert into servicio_doctor_anio_academico_delegados(anio_academico_delegados_id, servicio_doctor_id) values (3,1)

insert into servicio_doctor_anio_academico_delegados(anio_academico_delegados_id, servicio_doctor_id) values (4,2)
insert into servicio_doctor_anio_academico_delegados(anio_academico_delegados_id, servicio_doctor_id) values (5,2)
insert into servicio_doctor_anio_academico_delegados(anio_academico_delegados_id, servicio_doctor_id) values (6,2)

insert into servicio_doctor_anio_academico_delegados(anio_academico_delegados_id, servicio_doctor_id) values (7,3)
insert into servicio_doctor_anio_academico_delegados(anio_academico_delegados_id, servicio_doctor_id) values (8,3)
insert into servicio_doctor_anio_academico_delegados(anio_academico_delegados_id, servicio_doctor_id) values (9,3)